"snippet","data_ref","x","y","bar","bar_moment"
"f'","D:/Materi/Semester8/Skripsi2/tugas_akhir/data/nyanyianGPM/GPM045_DiKakiMuKamiBertelut/GPM045_DiKakiMuKamiBertelut_ly_data.ily:43:1:2",10.536,12.736,1.0,"0"
"g'","D:/Materi/Semester8/Skripsi2/tugas_akhir/data/nyanyianGPM/GPM045_DiKakiMuKamiBertelut/GPM045_DiKakiMuKamiBertelut_ly_data.ily:43:5:6",13.751,12.736,"",""
"as'","D:/Materi/Semester8/Skripsi2/tugas_akhir/data/nyanyianGPM/GPM045_DiKakiMuKamiBertelut/GPM045_DiKakiMuKamiBertelut_ly_data.ily:43:9:10",16.679,12.736,"",""
"bes'","D:/Materi/Semester8/Skripsi2/tugas_akhir/data/nyanyianGPM/GPM045_DiKakiMuKamiBertelut/GPM045_DiKakiMuKamiBertelut_ly_data.ily:43:14:15",19.834,12.736,"",""
"c''","D:/Materi/Semester8/Skripsi2/tugas_akhir/data/nyanyianGPM/GPM045_DiKakiMuKamiBertelut/GPM045_DiKakiMuKamiBertelut_ly_data.ily:44:1:2",24.523,12.736,2.0,"1"
"bes'","D:/Materi/Semester8/Skripsi2/tugas_akhir/data/nyanyianGPM/GPM045_DiKakiMuKamiBertelut/GPM045_DiKakiMuKamiBertelut_ly_data.ily:44:6:7",27.525,12.736,"",""
"as'","D:/Materi/Semester8/Skripsi2/tugas_akhir/data/nyanyianGPM/GPM045_DiKakiMuKamiBertelut/GPM045_DiKakiMuKamiBertelut_ly_data.ily:44:12:13",31.304,12.736,"",""
"g'","D:/Materi/Semester8/Skripsi2/tugas_akhir/data/nyanyianGPM/GPM045_DiKakiMuKamiBertelut/GPM045_DiKakiMuKamiBertelut_ly_data.ily:44:17:18",34.358,12.736,"",""
"f'","D:/Materi/Semester8/Skripsi2/tugas_akhir/data/nyanyianGPM/GPM045_DiKakiMuKamiBertelut/GPM045_DiKakiMuKamiBertelut_ly_data.ily:45:1:2",39.046,12.736,3.0,"2"
"es'","D:/Materi/Semester8/Skripsi2/tugas_akhir/data/nyanyianGPM/GPM045_DiKakiMuKamiBertelut/GPM045_DiKakiMuKamiBertelut_ly_data.ily:45:6:7",46.811,12.736,"",""
"f'","D:/Materi/Semester8/Skripsi2/tugas_akhir/data/nyanyianGPM/GPM045_DiKakiMuKamiBertelut/GPM045_DiKakiMuKamiBertelut_ly_data.ily:46:1:2",51.499,12.736,4.0,"3"
"as'","D:/Materi/Semester8/Skripsi2/tugas_akhir/data/nyanyianGPM/GPM045_DiKakiMuKamiBertelut/GPM045_DiKakiMuKamiBertelut_ly_data.ily:47:1:2",63.602,12.736,5.0,"4"
"bes'","D:/Materi/Semester8/Skripsi2/tugas_akhir/data/nyanyianGPM/GPM045_DiKakiMuKamiBertelut/GPM045_DiKakiMuKamiBertelut_ly_data.ily:47:6:7",66.689,12.736,"",""
"c''","D:/Materi/Semester8/Skripsi2/tugas_akhir/data/nyanyianGPM/GPM045_DiKakiMuKamiBertelut/GPM045_DiKakiMuKamiBertelut_ly_data.ily:47:12:13",70.246,12.736,"",""
"des''","D:/Materi/Semester8/Skripsi2/tugas_akhir/data/nyanyianGPM/GPM045_DiKakiMuKamiBertelut/GPM045_DiKakiMuKamiBertelut_ly_data.ily:47:17:18",74.0,12.736,"",""
"c''","D:/Materi/Semester8/Skripsi2/tugas_akhir/data/nyanyianGPM/GPM045_DiKakiMuKamiBertelut/GPM045_DiKakiMuKamiBertelut_ly_data.ily:48:1:2",78.688,12.736,6.0,"5"
"bes'","D:/Materi/Semester8/Skripsi2/tugas_akhir/data/nyanyianGPM/GPM045_DiKakiMuKamiBertelut/GPM045_DiKakiMuKamiBertelut_ly_data.ily:48:6:7",81.861,12.736,"",""
"as'","D:/Materi/Semester8/Skripsi2/tugas_akhir/data/nyanyianGPM/GPM045_DiKakiMuKamiBertelut/GPM045_DiKakiMuKamiBertelut_ly_data.ily:48:12:13",86.272,12.736,"",""
"bes'","D:/Materi/Semester8/Skripsi2/tugas_akhir/data/nyanyianGPM/GPM045_DiKakiMuKamiBertelut/GPM045_DiKakiMuKamiBertelut_ly_data.ily:48:17:18",90.187,12.736,"",""
"c''","D:/Materi/Semester8/Skripsi2/tugas_akhir/data/nyanyianGPM/GPM045_DiKakiMuKamiBertelut/GPM045_DiKakiMuKamiBertelut_ly_data.ily:49:1:2",94.876,12.736,7.0,"6"
"f'","D:/Materi/Semester8/Skripsi2/tugas_akhir/data/nyanyianGPM/GPM045_DiKakiMuKamiBertelut/GPM045_DiKakiMuKamiBertelut_ly_data.ily:50:1:2",106.978,12.736,8.0,"7"
"g'","D:/Materi/Semester8/Skripsi2/tugas_akhir/data/nyanyianGPM/GPM045_DiKakiMuKamiBertelut/GPM045_DiKakiMuKamiBertelut_ly_data.ily:50:5:6",110.97,12.736,"",""
"as'","D:/Materi/Semester8/Skripsi2/tugas_akhir/data/nyanyianGPM/GPM045_DiKakiMuKamiBertelut/GPM045_DiKakiMuKamiBertelut_ly_data.ily:50:9:10",114.869,12.736,"",""
"bes'","D:/Materi/Semester8/Skripsi2/tugas_akhir/data/nyanyianGPM/GPM045_DiKakiMuKamiBertelut/GPM045_DiKakiMuKamiBertelut_ly_data.ily:50:14:15",119.476,12.736,"",""
"c''","D:/Materi/Semester8/Skripsi2/tugas_akhir/data/nyanyianGPM/GPM045_DiKakiMuKamiBertelut/GPM045_DiKakiMuKamiBertelut_ly_data.ily:51:1:2",125.312,12.736,9.0,"8"
"bes'","D:/Materi/Semester8/Skripsi2/tugas_akhir/data/nyanyianGPM/GPM045_DiKakiMuKamiBertelut/GPM045_DiKakiMuKamiBertelut_ly_data.ily:51:6:7",129.407,12.736,"",""
"as'","D:/Materi/Semester8/Skripsi2/tugas_akhir/data/nyanyianGPM/GPM045_DiKakiMuKamiBertelut/GPM045_DiKakiMuKamiBertelut_ly_data.ily:51:12:13",132.674,12.736,"",""
"g'","D:/Materi/Semester8/Skripsi2/tugas_akhir/data/nyanyianGPM/GPM045_DiKakiMuKamiBertelut/GPM045_DiKakiMuKamiBertelut_ly_data.ily:51:17:18",135.601,12.736,"",""
"f'","D:/Materi/Semester8/Skripsi2/tugas_akhir/data/nyanyianGPM/GPM045_DiKakiMuKamiBertelut/GPM045_DiKakiMuKamiBertelut_ly_data.ily:52:1:2",140.289,12.736,10.0,"9"
"es'","D:/Materi/Semester8/Skripsi2/tugas_akhir/data/nyanyianGPM/GPM045_DiKakiMuKamiBertelut/GPM045_DiKakiMuKamiBertelut_ly_data.ily:52:6:7",148.054,12.736,"",""
"f'","D:/Materi/Semester8/Skripsi2/tugas_akhir/data/nyanyianGPM/GPM045_DiKakiMuKamiBertelut/GPM045_DiKakiMuKamiBertelut_ly_data.ily:53:1:2",152.742,12.736,11.0,"10"
"c''","D:/Materi/Semester8/Skripsi2/tugas_akhir/data/nyanyianGPM/GPM045_DiKakiMuKamiBertelut/GPM045_DiKakiMuKamiBertelut_ly_data.ily:54:1:2",164.845,12.736,12.0,"11"
"c''","D:/Materi/Semester8/Skripsi2/tugas_akhir/data/nyanyianGPM/GPM045_DiKakiMuKamiBertelut/GPM045_DiKakiMuKamiBertelut_ly_data.ily:54:6:7",169.571,12.736,"",""
"c''","D:/Materi/Semester8/Skripsi2/tugas_akhir/data/nyanyianGPM/GPM045_DiKakiMuKamiBertelut/GPM045_DiKakiMuKamiBertelut_ly_data.ily:54:11:12",173.572,12.736,"",""
"des''","D:/Materi/Semester8/Skripsi2/tugas_akhir/data/nyanyianGPM/GPM045_DiKakiMuKamiBertelut/GPM045_DiKakiMuKamiBertelut_ly_data.ily:54:16:17",176.796,12.736,"",""
"c''","D:/Materi/Semester8/Skripsi2/tugas_akhir/data/nyanyianGPM/GPM045_DiKakiMuKamiBertelut/GPM045_DiKakiMuKamiBertelut_ly_data.ily:55:1:2",181.485,12.736,13.0,"12"
"bes'","D:/Materi/Semester8/Skripsi2/tugas_akhir/data/nyanyianGPM/GPM045_DiKakiMuKamiBertelut/GPM045_DiKakiMuKamiBertelut_ly_data.ily:55:6:7",184.412,12.736,"",""
"as'","D:/Materi/Semester8/Skripsi2/tugas_akhir/data/nyanyianGPM/GPM045_DiKakiMuKamiBertelut/GPM045_DiKakiMuKamiBertelut_ly_data.ily:55:12:13",187.339,12.736,"",""
"g'","D:/Materi/Semester8/Skripsi2/tugas_akhir/data/nyanyianGPM/GPM045_DiKakiMuKamiBertelut/GPM045_DiKakiMuKamiBertelut_ly_data.ily:55:19:20",190.266,12.736,"",""
"f'","D:/Materi/Semester8/Skripsi2/tugas_akhir/data/nyanyianGPM/GPM045_DiKakiMuKamiBertelut/GPM045_DiKakiMuKamiBertelut_ly_data.ily:56:1:2",194.955,12.736,14.0,"13"
